City,Latitude,Longitude,Max Temp,Humidity,Cloudiness,Wind Speed,Country,Date
Mount Gambier,-37.83,140.77,48.2,100,90,3.36,AU,2020-10-18
Te Anau,-45.42,167.72,44.74,92,100,2.19,NZ,2020-10-18
Tres Arroyos,-38.37,-60.28,68.81,74,69,6.26,AR,2020-10-18
Tasiilaq,65.61,-37.64,33.8,80,58,10.29,GL,2020-10-18
Leshukonskoye,64.9,45.76,30.65,97,100,8.19,RU,2020-10-18
Rikitea,-23.12,-134.97,74.86,81,100,18.5,PF,2020-10-18
Ndélé,8.41,20.65,73.31,79,86,2.15,CF,2020-10-18
Constitución,-35.33,-72.42,57.2,58,0,16.42,CL,2020-10-18
Yar-Sale,66.83,70.83,19.09,96,28,7.27,RU,2020-10-18
Vestmannaeyjar,63.44,-20.27,44.83,69,23,14.45,IS,2020-10-18
Iqaluit,63.75,-68.51,32.0,96,90,23.04,CA,2020-10-18
Shimanovsk,52.0,127.7,26.96,96,29,6.08,RU,2020-10-18
Albany,42.6,-73.97,61.0,41,96,3.0,US,2020-10-18
Naze,28.37,129.48,75.2,88,90,19.46,JP,2020-10-18
Hermanus,-34.42,19.23,60.01,84,100,6.76,ZA,2020-10-18
São Filipe,14.9,-24.5,80.64,79,22,6.38,CV,2020-10-18
The Valley,18.22,-63.06,86.0,83,40,3.36,AI,2020-10-18
Kapaa,22.08,-159.32,84.0,78,1,11.41,US,2020-10-18
Hobart,-42.88,147.33,51.01,61,75,5.82,AU,2020-10-18
Kaitangata,-46.28,169.85,51.01,88,99,2.68,NZ,2020-10-18
Severo-Kuril'sk,50.68,156.12,46.22,84,6,13.33,RU,2020-10-18
Vaini,-21.2,-175.2,71.6,83,75,14.81,TO,2020-10-18
Lukovit,43.2,24.17,48.2,76,5,4.7,BG,2020-10-18
Dikson,73.51,80.55,27.95,90,99,29.91,RU,2020-10-18
Samarai,-10.62,150.67,79.68,87,53,6.89,PG,2020-10-18
Saint George,37.1,-113.58,78.8,10,1,9.44,US,2020-10-18
Busselton,-33.65,115.33,57.0,58,0,8.19,AU,2020-10-18
Tuatapere,-46.13,167.68,48.0,95,100,1.99,NZ,2020-10-18
Pangai,-19.8,-174.35,75.2,78,75,6.93,TO,2020-10-18
Cherskiy,68.75,161.3,20.34,92,89,7.0,RU,2020-10-18
Punta Arenas,-53.15,-70.92,42.8,70,40,31.09,CL,2020-10-18
Bambanglipuro,-7.95,110.28,75.99,89,97,7.25,ID,2020-10-18
Katsuura,35.13,140.3,57.2,76,75,8.05,JP,2020-10-18
Saskylakh,71.92,114.08,20.59,97,100,6.6,RU,2020-10-18
Hilo,19.73,-155.09,77.0,83,90,9.17,US,2020-10-18
Butaritari,3.07,172.79,82.11,72,100,18.86,KI,2020-10-18
Marzuq,14.4,46.47,68.4,24,0,4.21,YE,2020-10-18
Esperance,-33.87,121.9,51.8,100,90,8.05,AU,2020-10-18
Bluff,-46.6,168.33,48.0,96,100,1.99,NZ,2020-10-18
Bredasdorp,-34.53,20.04,60.8,77,100,1.12,ZA,2020-10-18
Mataura,-46.19,168.86,48.0,96,100,1.99,NZ,2020-10-18
Pisco,-13.7,-76.22,66.2,77,90,8.05,PE,2020-10-18
Lyngseidet,69.58,20.22,30.2,86,20,12.75,NO,2020-10-18
Salalah,17.02,54.09,78.8,34,0,4.7,OM,2020-10-18
Plettenberg Bay,-34.05,23.37,57.74,82,38,3.04,ZA,2020-10-18
Lodwar,3.12,35.6,85.95,40,2,2.71,KE,2020-10-18
Saint-Philippe,-21.36,55.77,73.4,68,9,3.36,RE,2020-10-18
Chapais,49.78,-74.85,46.4,75,90,18.34,CA,2020-10-18
Vanimo,-2.67,141.3,78.22,82,100,5.1,PG,2020-10-18
Tocopilla,-22.09,-70.2,66.72,46,22,7.09,CL,2020-10-18
Kavieng,-2.57,150.8,83.03,74,61,9.6,PG,2020-10-18
Diego de Almagro,-26.37,-70.05,75.87,23,0,9.69,CL,2020-10-18
Upernavik,72.79,-56.15,30.81,91,10,11.21,GL,2020-10-18
Erin,36.32,-87.69,60.8,87,90,5.86,US,2020-10-18
Amarante do Maranhão,-5.57,-46.74,87.4,40,98,3.89,BR,2020-10-18
Pevek,69.7,170.31,24.26,94,97,16.93,RU,2020-10-18
Bubaque,11.28,-15.83,82.56,86,0,11.83,GW,2020-10-18
Atuona,-9.8,-139.03,77.9,75,4,20.69,PF,2020-10-18
Waipawa,-41.41,175.52,57.99,82,100,23.04,NZ,2020-10-18
Chokurdakh,70.63,147.92,19.08,98,93,6.42,RU,2020-10-18
Laas,46.62,10.7,42.01,71,5,1.68,IT,2020-10-18
Port Elizabeth,-33.92,25.57,57.2,87,8,3.36,ZA,2020-10-18
Tuktoyaktuk,69.45,-133.04,15.8,92,20,3.36,CA,2020-10-18
Havelock,34.88,-76.9,73.99,64,5,12.75,US,2020-10-18
Ushuaia,-54.8,-68.3,41.0,80,75,29.97,AR,2020-10-18
Qaanaaq,77.48,-69.36,33.15,87,92,6.71,GL,2020-10-18
New Norfolk,-42.78,147.06,51.01,74,89,2.28,AU,2020-10-18
East London,-33.02,27.91,63.99,73,46,6.42,ZA,2020-10-18
Bathsheba,13.22,-59.52,84.2,70,40,4.7,BB,2020-10-18
Touros,-5.2,-35.46,80.6,69,20,12.75,BR,2020-10-18
Terrace,54.52,-128.6,39.2,64,90,11.41,CA,2020-10-18
Kalmunai,7.42,81.82,78.69,82,95,2.17,LK,2020-10-18
Chui,-33.7,-53.46,72.48,70,0,7.63,UY,2020-10-18
Leningradskiy,69.38,178.42,22.77,88,0,6.46,RU,2020-10-18
San Policarpo,12.18,125.51,79.63,86,100,8.7,PH,2020-10-18
Hobyo,5.35,48.53,79.86,77,15,15.88,SO,2020-10-18
Plomari,38.98,26.37,68.0,82,20,6.93,GR,2020-10-18
Malindi,-3.22,40.12,77.94,80,0,11.48,KE,2020-10-18
Acapulco de Juárez,16.86,-99.89,87.8,74,75,9.17,MX,2020-10-18
Ixtapa,20.7,-105.2,89.6,66,75,4.7,MX,2020-10-18
Ancud,-41.87,-73.82,55.0,71,75,16.11,CL,2020-10-18
Mahébourg,-20.41,57.7,73.4,78,40,11.41,MU,2020-10-18
Vilyuysk,63.76,121.62,8.35,94,45,2.51,RU,2020-10-18
San Ramon,37.78,-121.98,89.01,16,1,6.93,US,2020-10-18
Nelson Bay,-32.72,152.15,63.0,93,75,9.17,AU,2020-10-18
Vila Franca do Campo,37.72,-25.43,59.0,62,20,8.05,PT,2020-10-18
Watsa,3.04,29.54,63.77,100,61,2.17,CD,2020-10-18
Emerald,-23.53,148.17,66.0,77,0,6.93,AU,2020-10-18
Khandyga,62.67,135.6,14.77,97,99,2.98,RU,2020-10-18
Stornoway,58.21,-6.39,46.4,87,100,9.17,GB,2020-10-18
Caravelas,-17.71,-39.25,72.95,80,54,8.43,BR,2020-10-18
Muhos,64.81,25.99,36.0,100,90,6.93,FI,2020-10-18
Barrow,71.29,-156.79,21.2,79,1,16.11,US,2020-10-18
Codrington,-38.27,141.97,47.53,95,39,5.99,AU,2020-10-18
Le Mans,48.0,0.2,46.4,87,90,3.36,FR,2020-10-18
Pacific Grove,36.62,-121.92,81.0,41,1,6.49,US,2020-10-18
Ladyzhyn,48.69,29.24,43.0,89,0,8.75,UA,2020-10-18
Kismayo,-0.36,42.55,78.26,77,92,11.97,SO,2020-10-18
San Rafael,-34.62,-68.33,82.08,21,0,13.62,AR,2020-10-18
Deputatsky,69.3,139.9,12.51,95,100,8.81,RU,2020-10-18
Torbay,47.67,-52.73,54.0,93,90,6.93,CA,2020-10-18
Bafoulabé,13.81,-10.83,86.41,26,2,2.59,ML,2020-10-18
Tiksi,71.69,128.87,17.17,95,100,14.14,RU,2020-10-18
Lagoa,39.05,-27.98,62.89,73,54,21.41,PT,2020-10-18
Manturovo,58.34,44.76,42.21,91,100,12.44,RU,2020-10-18
Peniche,39.36,-9.38,60.01,79,100,9.24,PT,2020-10-18
High Level,58.52,-117.14,24.8,62,75,3.36,CA,2020-10-18
Kīhei,20.79,-156.47,87.8,55,40,5.82,US,2020-10-18
Cabo San Lucas,22.89,-109.91,90.0,70,40,2.24,MX,2020-10-18
Nioro,13.35,-15.75,80.6,71,0,5.41,GM,2020-10-18
Port-Gentil,-0.72,8.78,78.8,88,75,8.05,GA,2020-10-18
Bafia,4.75,11.23,70.21,93,100,1.59,CM,2020-10-18
Līsakovsk,52.54,62.49,40.1,62,80,14.25,KZ,2020-10-18
Bethel,41.37,-73.41,59.0,71,96,1.99,US,2020-10-18
Hudson Bay,52.85,-102.38,31.96,81,66,11.41,CA,2020-10-18
Zyryanka,65.75,150.85,19.47,92,95,1.45,RU,2020-10-18
Manzanillo,20.34,-77.12,86.16,69,94,1.52,CU,2020-10-18
Yellowknife,62.46,-114.35,28.99,86,90,6.93,CA,2020-10-18
Fairbanks,64.84,-147.72,21.99,67,90,1.66,US,2020-10-18
Shizukuishi,39.68,140.98,49.26,87,100,1.32,JP,2020-10-18
Yarmouth,41.71,-70.23,57.2,54,1,8.05,US,2020-10-18
Khatanga,71.97,102.5,7.12,85,42,8.5,RU,2020-10-18
North Platte,41.12,-100.77,39.2,51,1,4.7,US,2020-10-18
Souillac,-20.52,57.52,73.4,78,40,11.41,MU,2020-10-18
Kholm,59.27,32.85,37.53,96,100,8.1,RU,2020-10-18
Arraial do Cabo,-22.97,-42.03,73.4,73,40,16.11,BR,2020-10-18
Balikpapan,-1.27,116.83,75.54,92,97,3.2,ID,2020-10-18
Camargo,27.67,-105.17,88.29,19,0,1.95,MX,2020-10-18
Ribeira Grande,38.52,-28.7,62.6,72,40,19.46,PT,2020-10-18
Gornopravdinsk,60.05,69.9,27.93,98,89,8.21,RU,2020-10-18
Puri,19.8,85.85,77.0,100,40,9.44,IN,2020-10-18
Oriximiná,-1.77,-55.87,91.27,43,100,0.34,BR,2020-10-18
Isangel,-19.55,169.27,76.35,63,3,5.68,VU,2020-10-18
Tessalit,20.2,1.01,85.6,15,0,11.77,ML,2020-10-18
Kotelnikowo,47.63,43.15,62.4,79,97,10.09,RU,2020-10-18
Castro,-24.79,-50.01,66.04,80,100,7.47,BR,2020-10-18
Hithadhoo,-0.6,73.08,83.35,76,100,14.9,MV,2020-10-18
Launceston,-41.45,147.17,48.0,93,10,3.36,AU,2020-10-18
Nueva Gerona,21.88,-82.8,85.17,68,40,13.2,CU,2020-10-18
Pontianak,-0.03,109.33,75.87,92,99,3.2,ID,2020-10-18
Bima,-8.47,118.72,76.08,87,6,4.25,ID,2020-10-18
Hokitika,-42.72,170.97,52.75,93,100,9.69,NZ,2020-10-18
Guerrero Negro,27.98,-114.06,83.46,44,95,12.01,MX,2020-10-18
Jérémie,18.65,-74.12,82.92,72,98,3.69,HT,2020-10-18
Cape Town,-33.93,18.42,61.0,82,20,13.87,ZA,2020-10-18
Visby,57.64,18.3,48.0,57,7,23.04,SE,2020-10-18
Benito Juarez,19.39,-99.17,75.2,33,40,6.93,MX,2020-10-18
Mar del Plata,-38.0,-57.56,71.6,78,56,4.7,AR,2020-10-18
Road Town,18.42,-64.62,84.2,74,20,3.36,VG,2020-10-18
Abu Dhabi,24.47,54.37,80.6,51,0,5.82,AE,2020-10-18
‘Āhuimanu,21.44,-157.84,84.2,66,40,3.36,US,2020-10-18
Sukumo,32.93,132.73,61.16,77,100,2.24,JP,2020-10-18
Vila Velha,-20.33,-40.29,69.8,94,90,4.7,BR,2020-10-18
Marawi,8.0,124.29,75.0,93,100,4.0,PH,2020-10-18
Coahuayana Viejo,18.73,-103.68,82.4,74,75,6.15,MX,2020-10-18
Jamestown,42.1,-79.24,57.0,50,90,14.99,US,2020-10-18
Manokwari,-0.87,134.08,80.4,75,100,5.37,ID,2020-10-18
Harper,4.38,-7.72,77.32,90,100,6.78,LR,2020-10-18
Ponta do Sol,32.67,-17.1,73.4,83,75,24.16,PT,2020-10-18
Wenling,28.37,121.36,64.0,97,94,9.13,CN,2020-10-18
Fortuna,40.6,-124.16,64.99,59,20,13.87,US,2020-10-18
Hofn,64.25,-15.21,42.96,84,87,21.34,IS,2020-10-18
Arlit,18.74,7.39,93.51,11,0,7.47,NE,2020-10-18
Saint Paul Harbor,57.79,-152.41,44.6,75,75,10.29,US,2020-10-18
Djambala,-2.54,14.75,67.35,94,84,1.43,CG,2020-10-18
Wanning,18.8,110.4,77.54,86,100,19.84,CN,2020-10-18
Cabedelo,-6.98,-34.83,80.6,69,20,12.75,BR,2020-10-18
Sur,22.57,59.53,83.1,37,8,15.08,OM,2020-10-18
Buala,-8.14,159.59,83.07,74,38,4.65,SB,2020-10-18
Wattegama,6.8,81.48,75.43,81,100,2.98,LK,2020-10-18
Jablah,35.36,35.93,69.8,77,22,3.36,SY,2020-10-18
Ilulissat,69.22,-51.1,42.8,45,100,17.22,GL,2020-10-18
Haines Junction,60.75,-137.51,24.94,78,100,0.89,CA,2020-10-18
Hurghada,27.26,33.81,78.8,61,0,4.7,EG,2020-10-18
Wajima,37.4,136.9,62.33,55,100,5.68,JP,2020-10-18
Lapua,62.97,23.01,33.01,98,80,1.01,FI,2020-10-18
San Juan,-31.54,-68.54,95.7,12,0,11.81,AR,2020-10-18
Batagay-Alyta,67.8,130.41,15.04,88,99,3.78,RU,2020-10-18
Biak,-0.91,122.88,76.01,81,94,5.5,ID,2020-10-18
Lebu,-37.62,-73.65,55.0,64,0,5.86,CL,2020-10-18
Riyadh,24.69,46.72,68.0,24,0,3.36,SA,2020-10-18
Sitka,57.05,-135.33,42.8,70,90,11.41,US,2020-10-18
Grindavik,63.84,-22.43,42.8,81,20,23.04,IS,2020-10-18
Upington,-28.45,21.26,80.6,9,0,1.12,ZA,2020-10-18
Upata,8.01,-62.4,83.01,70,75,1.07,VE,2020-10-18
Menongue,-14.66,17.69,70.66,25,0,3.85,AO,2020-10-18
Suozhen,36.95,118.1,55.2,40,95,2.26,CN,2020-10-18
Romanovka,51.74,42.75,45.7,71,48,8.88,RU,2020-10-18
Lompoc,34.64,-120.46,75.2,60,1,13.87,US,2020-10-18
Valparaíso,-33.04,-71.63,68.0,52,0,12.75,CL,2020-10-18
São Paulo de Olivença,-3.38,-68.87,82.62,68,99,3.53,BR,2020-10-18
Martapura,-3.42,114.85,75.2,100,90,8.05,ID,2020-10-18
Grahamstown,-33.3,26.53,50.74,98,29,0.6,ZA,2020-10-18
Taloda,21.57,74.22,78.57,84,100,6.06,IN,2020-10-18
Puerto Ayora,-0.74,-90.35,80.6,65,20,23.04,EC,2020-10-18
Westport,41.14,-73.36,62.6,51,40,9.17,US,2020-10-18
Mutare,-18.97,32.67,63.68,68,11,3.4,ZW,2020-10-18
Ulladulla,-35.35,150.47,57.0,100,75,6.93,AU,2020-10-18
Carnarvon,-24.87,113.63,68.0,88,75,12.75,AU,2020-10-18
Cascais,38.7,-9.42,64.0,77,73,3.36,PT,2020-10-18
Hasaki,35.73,140.83,48.2,100,75,5.82,JP,2020-10-18
Kiryat Gat,31.61,34.76,75.99,83,0,3.83,IL,2020-10-18
Nanortalik,60.14,-45.24,39.13,94,95,9.44,GL,2020-10-18
Naro,37.29,13.79,57.99,79,58,1.01,IT,2020-10-18
Jumla,29.27,82.18,51.08,64,2,4.68,NP,2020-10-18
Taoudenni,22.68,-3.98,84.51,15,0,10.58,ML,2020-10-18
Snina,48.99,22.15,41.0,90,96,3.31,SK,2020-10-18
Morón,-34.65,-58.62,91.4,49,20,12.75,AR,2020-10-18
Tsimmerbude,54.67,20.13,48.99,81,40,8.95,RU,2020-10-18
Akdepe,42.06,59.38,50.0,39,0,9.17,TM,2020-10-18
Provideniya,64.38,-173.3,35.6,80,75,4.47,RU,2020-10-18
Hervey Bay,-25.3,152.85,73.0,88,7,6.93,AU,2020-10-18
Matveyevka,52.15,56.18,41.0,75,0,4.47,RU,2020-10-18
Inhambane,-23.86,35.38,70.18,83,0,10.65,MZ,2020-10-18
Chernyshevskiy,63.01,112.47,17.02,97,91,8.34,RU,2020-10-18
Beringovskiy,63.05,179.32,34.68,84,0,3.53,RU,2020-10-18
Atambua,-9.11,124.89,72.91,80,9,2.26,ID,2020-10-18
Hay River,60.82,-115.8,26.6,58,75,8.05,CA,2020-10-18
Nizhniy Ingash,56.2,96.53,31.96,91,86,11.41,RU,2020-10-18
Leticia,-4.22,-69.94,84.2,79,75,4.7,CO,2020-10-18
Avarua,-21.21,-159.78,78.8,74,92,8.05,CK,2020-10-18
Kupang,-10.17,123.58,77.88,72,8,3.98,ID,2020-10-18
Kozhva,65.11,57.05,29.21,98,100,4.32,RU,2020-10-18
Ostrovnoy,68.05,39.51,34.41,85,59,13.8,RU,2020-10-18
Kawalu,-7.38,108.21,72.82,92,100,1.61,ID,2020-10-18
Cockburn Town,21.46,-71.14,82.63,78,100,15.01,TC,2020-10-18
Tilichiki,60.47,166.1,36.73,82,100,10.58,RU,2020-10-18
Tautira,-17.73,-149.15,82.4,74,40,19.46,PF,2020-10-18
Srednekolymsk,67.45,153.68,21.52,97,77,2.55,RU,2020-10-18
Ayan,56.45,138.17,25.93,85,73,18.03,RU,2020-10-18
Itarema,-2.92,-39.92,79.5,75,95,16.08,BR,2020-10-18
Talara,-4.58,-81.27,67.71,76,46,16.55,PE,2020-10-18
Geraldton,-28.77,114.6,59.0,87,90,4.7,AU,2020-10-18
Departamento de Maldonado,-34.67,-54.92,82.4,58,40,9.17,UY,2020-10-18
North Bend,43.41,-124.22,73.99,72,75,9.17,US,2020-10-18
Port Alfred,-33.59,26.89,61.75,81,65,6.96,ZA,2020-10-18
Markova,48.68,24.41,38.88,80,38,8.01,UA,2020-10-18
Sáránd,47.4,21.63,39.2,100,0,3.36,HU,2020-10-18
Panjakent,39.5,67.61,57.2,47,0,9.17,TJ,2020-10-18
Okha,53.57,142.95,34.39,86,90,20.89,RU,2020-10-18
Conde,-7.26,-34.91,80.6,69,20,12.75,BR,2020-10-18
Morristown,36.21,-83.29,70.0,48,1,5.82,US,2020-10-18
Steinbach am Taunus,50.17,8.57,52.0,87,100,6.93,DE,2020-10-18
Yangi Marg`ilon,40.43,71.72,55.4,50,0,6.93,UZ,2020-10-18
Klaksvík,62.23,-6.59,39.2,93,100,6.93,FO,2020-10-18
Alta Floresta,-9.88,-56.09,83.17,61,90,1.34,BR,2020-10-18
Nara,34.69,135.8,57.0,93,75,2.24,JP,2020-10-18
Nacala,-14.54,40.67,71.55,87,0,3.2,MZ,2020-10-18
Omsukchan,62.53,155.8,19.69,90,88,4.65,RU,2020-10-18
Leopold,-38.18,144.47,48.99,100,90,5.82,AU,2020-10-18
Saldanha,-33.01,17.94,57.2,82,100,6.93,ZA,2020-10-18
Russkiy Aktash,55.04,52.12,48.2,81,75,17.9,RU,2020-10-18
Mawlaik,23.63,94.42,74.8,94,100,1.68,MM,2020-10-18
Thompson,55.74,-97.86,30.2,80,75,6.93,CA,2020-10-18
Roebourne,-20.78,117.13,63.3,86,0,10.56,AU,2020-10-18
Nakamura,32.98,132.93,60.76,76,100,1.92,JP,2020-10-18
Banda Aceh,5.56,95.32,81.03,69,100,11.5,ID,2020-10-18
Chernukha,55.6,43.76,42.33,79,45,13.11,RU,2020-10-18
Ailigandí,9.23,-78.02,83.12,81,100,9.69,PA,2020-10-18
Bambous Virieux,-20.34,57.76,73.4,78,40,11.41,MU,2020-10-18
Vardø,70.37,31.11,39.2,64,40,13.87,NO,2020-10-18
Beisfjord,68.38,17.6,26.6,79,4,10.29,NO,2020-10-18
Bonfim,3.08,-59.95,92.32,46,60,2.08,BR,2020-10-18
Nishihara,26.18,127.76,77.0,94,40,5.82,JP,2020-10-18
Roald,62.58,6.13,37.4,93,75,4.7,NO,2020-10-18
Foz,43.57,-7.25,55.0,1,92,4.5,ES,2020-10-18
Campbell River,50.02,-125.24,48.99,100,90,3.36,CA,2020-10-18
Airai,-8.93,125.41,60.1,67,33,2.26,TL,2020-10-18
Nizwá,22.93,57.53,74.17,18,0,7.92,OM,2020-10-18
Rio Pardo de Minas,-15.61,-42.54,74.68,61,33,8.84,BR,2020-10-18
Revda,56.8,59.93,39.2,64,75,11.18,RU,2020-10-18
Makuyuni,-4.73,38.1,70.45,75,0,4.25,TZ,2020-10-18
Oistins,13.07,-59.53,84.2,70,40,4.7,BB,2020-10-18
Longyearbyen,78.22,15.64,26.6,73,20,8.05,SJ,2020-10-18
Palmer,42.16,-72.33,62.6,39,75,4.7,US,2020-10-18
Rio Grande,-32.03,-52.1,68.59,77,0,10.78,BR,2020-10-18
Manono,-7.3,27.42,73.24,76,1,3.33,CD,2020-10-18
Aykhal,66.0,111.5,12.2,92,75,4.47,RU,2020-10-18
Diré,12.28,-10.97,79.48,62,0,2.13,ML,2020-10-18
Koronowo,53.31,17.94,43.0,100,63,9.17,PL,2020-10-18
Yaan,7.38,8.57,75.31,85,54,3.83,NG,2020-10-18
Lorengau,-2.02,147.27,82.69,78,87,7.65,PG,2020-10-18
Phayao,19.25,100.25,66.27,96,100,1.03,TH,2020-10-18
Myingyan,21.47,95.38,78.49,78,100,5.77,MM,2020-10-18
Atar,20.52,-13.05,91.67,22,0,10.51,MR,2020-10-18
Indiana,40.0,-86.25,64.99,51,90,9.17,US,2020-10-18
Mossamedes,-15.2,12.15,69.46,74,16,3.56,AO,2020-10-18
Nikolskoye,59.7,30.79,37.4,86,90,6.71,RU,2020-10-18
Puerto Escondido,15.85,-97.07,86.0,66,40,5.82,MX,2020-10-18
Cidreira,-30.18,-50.21,68.58,82,61,20.74,BR,2020-10-18
Rocha,-34.48,-54.33,77.79,79,3,6.22,UY,2020-10-18
Acaponeta,22.5,-105.36,92.82,56,52,6.55,MX,2020-10-18
Ossora,59.24,163.07,36.07,80,91,5.88,RU,2020-10-18
Yeppoon,-23.13,150.73,66.2,82,7,2.39,AU,2020-10-18
Magadan,59.57,150.8,34.75,90,100,9.95,RU,2020-10-18
Nuuk,64.18,-51.72,53.6,50,40,20.8,GL,2020-10-18
Oodweyne,9.41,45.06,74.95,35,0,3.67,SO,2020-10-18
Assiut,27.18,31.18,75.2,50,0,9.17,EG,2020-10-18
Shingū,33.73,135.98,60.35,71,100,5.7,JP,2020-10-18
Darhan,49.49,105.92,37.15,71,100,6.76,MN,2020-10-18
Kieta,-6.22,155.63,81.39,75,84,1.39,PG,2020-10-18
Vostok,46.49,135.88,23.2,92,0,3.91,RU,2020-10-18
Greenville,35.61,-77.37,73.4,49,40,4.94,US,2020-10-18
Clyde River,70.47,-68.59,30.2,92,90,6.93,CA,2020-10-18
Gondanglegi,-7.75,112.01,76.68,83,89,10.51,ID,2020-10-18
Uslar,51.66,9.63,50.0,87,100,4.41,DE,2020-10-18
Leh,34.17,77.58,35.47,50,0,2.1,IN,2020-10-18
Vuktyl,63.86,57.31,29.68,97,100,7.11,RU,2020-10-18
Talnakh,69.49,88.4,15.8,92,90,6.71,RU,2020-10-18
Port Lincoln,-34.73,135.87,53.19,77,28,7.05,AU,2020-10-18
Adrar,20.5,-10.07,89.69,19,1,10.71,MR,2020-10-18
Narsaq,60.92,-46.05,37.4,74,88,2.24,GL,2020-10-18
Aklavik,68.22,-135.01,15.8,72,5,3.36,CA,2020-10-18
Namuac,18.61,121.17,78.51,84,57,10.2,PH,2020-10-18
Sola,-13.88,167.55,79.48,78,27,20.62,VU,2020-10-18
Formosa,-26.18,-58.18,98.6,32,20,12.75,AR,2020-10-18
Rognan,67.1,15.39,28.0,81,6,2.24,NO,2020-10-18
Govindgarh,27.5,76.98,77.77,19,47,0.65,IN,2020-10-18
Abu Samrah,35.3,37.18,64.51,44,78,5.66,SY,2020-10-18
Fort Nelson,58.81,-122.7,21.2,62,5,2.24,CA,2020-10-18
Tazovsky,67.47,78.7,21.24,95,95,14.54,RU,2020-10-18
Aranda de Duero,41.67,-3.69,54.52,49,98,4.5,ES,2020-10-18
Robertson,36.52,-86.87,60.01,100,75,8.52,US,2020-10-18
Billings Metropolitan Area,45.78,-108.5,28.0,85,90,5.82,US,2020-10-18
Qui Nhon,13.77,109.23,76.53,86,100,5.41,VN,2020-10-18
Chengde,40.97,117.94,44.19,57,0,2.71,CN,2020-10-18
Constantine,36.37,6.61,53.6,71,0,4.7,DZ,2020-10-18
Muros,42.78,-9.06,57.99,84,99,7.45,ES,2020-10-18
Cooma,-36.23,149.13,42.8,93,90,4.7,AU,2020-10-18
Monrovia,6.3,-10.8,78.8,88,75,7.49,LR,2020-10-18
Novy Urengoy,66.08,76.63,25.54,97,94,13.38,RU,2020-10-18
Bara,10.37,10.73,80.06,60,2,8.25,NG,2020-10-18
Natividade,-21.04,-41.97,69.69,74,100,3.98,BR,2020-10-18
Banepā,27.63,85.52,64.4,93,20,1.81,NP,2020-10-18
Beira,-19.84,34.84,71.6,83,0,5.82,MZ,2020-10-18
Tāki,22.59,88.92,80.6,88,40,3.36,IN,2020-10-18
San Quintín,30.48,-115.95,81.75,42,86,19.22,MX,2020-10-18
Coquimbo,-29.95,-71.34,60.8,72,20,11.41,CL,2020-10-18
Nabire,-3.37,135.48,75.27,88,100,2.68,ID,2020-10-18
Faya,18.39,42.45,64.4,18,0,8.05,SA,2020-10-18
Pucallpa,-8.38,-74.55,87.8,62,75,6.93,PE,2020-10-18
Cayenne,4.93,-52.33,86.0,66,25,10.29,GF,2020-10-18
West Bay,19.37,-81.42,82.4,78,75,6.93,KY,2020-10-18
Yambio,4.57,28.4,68.25,96,86,1.52,SS,2020-10-18
Gorontalo,0.54,123.06,74.48,87,100,1.63,ID,2020-10-18
Black River,18.03,-77.85,80.6,83,40,8.05,JM,2020-10-18
Mustafakemalpaşa,40.04,28.41,66.0,77,75,20.8,TR,2020-10-18
Libreville,0.39,9.45,80.6,83,40,6.93,GA,2020-10-18
Sinnamary,5.38,-52.95,82.87,74,57,9.64,GF,2020-10-18
Henties Bay,-22.12,14.28,60.01,89,0,3.0,NA,2020-10-18
Baykit,61.67,96.37,28.51,92,100,11.9,RU,2020-10-18
Fukuechō,32.69,128.84,68.52,59,100,18.81,JP,2020-10-18
Rafai,4.95,23.92,70.07,95,100,1.36,CF,2020-10-18
Puerto Carreño,6.19,-67.49,89.49,57,49,2.21,CO,2020-10-18
Lüderitz,-26.65,15.16,65.16,50,0,18.5,NA,2020-10-18
Comodoro Rivadavia,-45.87,-67.5,68.0,20,40,29.97,AR,2020-10-18
Aldan,58.6,125.39,7.84,92,2,6.73,RU,2020-10-18
Nokaneng,-19.67,22.27,73.6,19,0,5.75,BW,2020-10-18
Zhaoyuan,37.36,120.4,46.0,85,4,4.41,CN,2020-10-18
Svetlaya,46.54,138.33,37.65,70,100,4.85,RU,2020-10-18
Los Llanos de Aridane,28.66,-17.92,75.2,69,11,17.22,ES,2020-10-18
Olafsvik,64.89,-23.71,42.66,76,49,30.27,IS,2020-10-18
Aksarka,66.56,67.8,19.54,96,0,6.15,RU,2020-10-18
Yumen,40.28,97.2,43.21,48,100,17.58,CN,2020-10-18
Carbonear,47.73,-53.21,55.0,93,90,6.93,CA,2020-10-18
Sakakah,29.97,40.21,75.2,14,0,5.82,SA,2020-10-18
Kirovskiy,45.09,133.51,34.93,86,0,4.36,RU,2020-10-18
Riviere-au-Renard,49.0,-64.4,48.2,66,20,10.29,CA,2020-10-18
Bundaberg,-24.85,152.35,73.0,88,35,6.93,AU,2020-10-18
Gamba,-2.65,10.0,77.05,90,97,8.23,GA,2020-10-18
Pīshvā,35.31,51.73,57.2,25,0,6.93,IR,2020-10-18
Lake Shasta,40.68,-122.37,89.6,15,1,10.29,US,2020-10-18
São Félix do Xingu,-6.64,-51.99,89.13,39,76,1.57,BR,2020-10-18
College Station,30.63,-96.33,89.6,43,1,14.99,US,2020-10-18
Kahului,20.89,-156.47,87.8,55,40,5.82,US,2020-10-18
Kununurra,-15.77,128.73,78.8,94,80,5.82,AU,2020-10-18
Fort Saint James,54.43,-124.25,31.95,86,100,3.71,CA,2020-10-18
Baruun-Urt,46.68,113.28,34.97,75,0,9.04,MN,2020-10-18
Viedma,-40.81,-63.0,79.0,13,0,5.99,AR,2020-10-18
Kavaratti,10.57,72.64,80.71,81,36,11.74,IN,2020-10-18
Venado,22.93,-101.08,79.32,22,0,7.83,MX,2020-10-18
Vágur,61.47,-6.81,40.48,91,100,9.06,FO,2020-10-18
Conway,35.09,-92.44,75.2,73,90,4.7,US,2020-10-18
Chicama,-7.84,-79.15,66.2,77,51,11.41,PE,2020-10-18
Lavrentiya,65.58,-171.0,36.3,86,23,4.5,RU,2020-10-18
Brae,60.4,-1.35,41.0,86,100,8.05,GB,2020-10-18
Ligayan,4.65,119.47,82.51,75,100,20.13,PH,2020-10-18
Jaisalmer,26.91,70.92,83.61,29,23,2.24,IN,2020-10-18
Cortland,42.6,-76.08,55.99,30,1,11.41,US,2020-10-18
Kloulklubed,7.04,134.26,82.4,78,90,8.05,PW,2020-10-18
Hong Kong,22.29,114.16,73.99,75,18,10.22,HK,2020-10-18
Kodinsk,58.69,99.18,26.98,95,4,8.37,RU,2020-10-18
Were Īlu,10.6,39.43,49.14,74,10,7.58,ET,2020-10-18
LaBelle,26.76,-81.44,89.6,58,2,19.46,US,2020-10-18
Mount Isa,-20.73,139.5,78.8,31,0,8.05,AU,2020-10-18
Horsham,51.06,-0.33,52.0,87,20,2.24,GB,2020-10-18
Pitimbu,-7.47,-34.81,80.6,69,20,12.75,BR,2020-10-18
Nongpoh,25.9,91.88,69.6,94,0,3.0,IN,2020-10-18
Husavik,66.04,-17.34,41.0,80,90,17.22,IS,2020-10-18
George Town,5.41,100.34,80.6,83,20,3.36,MY,2020-10-18
Naliya,23.27,68.83,84.33,75,34,4.88,IN,2020-10-18
Flinders,-34.58,150.86,60.01,81,86,3.0,AU,2020-10-18
Vargem Grande,-3.54,-43.92,86.45,50,100,5.68,BR,2020-10-18
Dzerzhinskoye,56.83,95.23,31.57,91,1,11.03,RU,2020-10-18
Sibolga,1.74,98.78,77.32,73,100,2.93,ID,2020-10-18
Havre-St-Pierre,50.23,-63.6,44.6,56,1,5.82,CA,2020-10-18
Bo Rai,12.57,102.54,73.99,95,100,1.01,TH,2020-10-18
La Ronge,55.1,-105.28,28.4,74,90,11.41,CA,2020-10-18
Gogāpur,23.55,75.52,78.08,74,70,4.09,IN,2020-10-18
Honningsvåg,70.98,25.97,37.4,93,40,5.82,NO,2020-10-18
Waliso,8.53,37.98,54.41,64,31,5.7,ET,2020-10-18
Salzwedel,52.85,11.15,46.99,90,100,4.0,DE,2020-10-18
Iglesias,39.31,8.54,57.99,87,5,5.82,IT,2020-10-18
Broome,42.25,-75.83,57.99,30,1,10.29,US,2020-10-18
Clonakilty,51.62,-8.87,54.0,93,75,11.41,IE,2020-10-18
Mizdah,31.45,12.98,59.68,61,16,9.51,LY,2020-10-18
Abonnema,4.71,6.79,78.8,88,75,2.24,NG,2020-10-18
Kumul,42.8,93.45,42.91,53,63,1.68,CN,2020-10-18
Nemuro,43.32,145.57,53.4,69,0,14.45,JP,2020-10-18
Kuala Terengganu,5.33,103.14,77.0,94,20,2.24,MY,2020-10-18
Dingle,11.0,122.67,76.28,91,100,5.21,PH,2020-10-18
Zambezi,-13.54,23.1,72.93,22,1,5.93,ZM,2020-10-18
Son La,21.32,103.9,60.73,92,100,1.1,VN,2020-10-18
Tura,25.52,90.22,72.64,90,0,1.63,IN,2020-10-18
Saint-Augustin,51.23,-58.65,50.43,60,0,4.74,CA,2020-10-18
Tuy Hoa,13.08,109.3,75.42,90,100,9.78,VN,2020-10-18
Ahipara,-35.17,173.17,63.37,75,20,10.2,NZ,2020-10-18
Berlevåg,70.86,29.09,28.4,92,40,4.7,NO,2020-10-18
Eureka,40.8,-124.16,64.99,72,1,3.36,US,2020-10-18
Along,28.17,94.77,66.43,87,14,1.63,IN,2020-10-18
Majene,-3.54,118.97,78.17,80,99,4.92,ID,2020-10-18
Aquiraz,-3.9,-38.39,82.4,74,97,12.75,BR,2020-10-18
Isla Vista,34.41,-119.86,91.99,73,20,4.7,US,2020-10-18
Wangqing,43.32,129.76,34.38,86,0,1.39,CN,2020-10-18
Grand Gaube,-20.01,57.66,72.0,74,0,4.0,MU,2020-10-18
Almaznyy,48.04,40.05,60.8,59,100,8.95,RU,2020-10-18
Presidencia Roque Sáenz Peña,-26.79,-60.44,94.89,36,5,7.02,AR,2020-10-18
Coyhaique,-45.58,-72.07,41.0,80,90,12.75,CL,2020-10-18
Faanui,-16.48,-151.75,79.45,79,39,8.72,PF,2020-10-18
Bonavista,48.65,-53.11,51.01,78,100,5.66,CA,2020-10-18
Aksu,41.12,80.26,48.31,48,0,2.28,CN,2020-10-18
Kargasok,59.06,80.86,29.68,93,99,15.21,RU,2020-10-18
Cravo Norte,6.3,-70.2,87.33,62,89,4.94,CO,2020-10-18
Lingao,19.91,109.69,75.92,82,100,21.77,CN,2020-10-18
Mangan,27.52,88.53,69.13,50,60,2.33,IN,2020-10-18
Kimbe,-5.55,150.14,76.08,90,100,3.76,PG,2020-10-18
Petites Anses,15.85,-61.64,87.8,78,9,8.05,GP,2020-10-18
Knysna,-34.04,23.05,55.4,100,56,2.24,ZA,2020-10-18
Antalaha,-14.9,50.28,70.38,84,6,7.27,MG,2020-10-18
Dehlorān,32.69,47.27,72.97,19,0,4.61,IR,2020-10-18
Pokhara,28.23,83.98,67.95,62,24,2.89,NP,2020-10-18
Bintulu,3.17,113.03,78.8,88,40,2.24,MY,2020-10-18
Mana,5.66,-53.78,82.71,74,1,10.38,GF,2020-10-18
San Patricio,28.02,-97.52,91.4,43,20,14.99,US,2020-10-18
Kruisfontein,-34.0,24.73,55.0,85,17,3.22,ZA,2020-10-18
Ola,59.58,151.28,33.82,91,98,9.37,RU,2020-10-18
Havøysund,71.0,24.66,37.4,93,40,5.82,NO,2020-10-18
Hwange,-18.37,26.5,75.38,21,0,2.66,ZW,2020-10-18
Ketchikan,55.34,-131.65,44.6,75,90,9.17,US,2020-10-18
Lagodekhi,41.83,46.28,60.8,67,0,11.41,GE,2020-10-18
Santa Maria,-29.68,-53.81,78.64,56,0,4.68,BR,2020-10-18
Lata,40.16,-8.33,59.0,55,79,5.61,PT,2020-10-18
Kuandian,40.73,124.78,42.03,63,0,2.3,CN,2020-10-18
Znamenskoye,57.13,73.83,30.76,94,69,7.0,RU,2020-10-18
Znamenka,52.42,41.43,43.75,70,13,11.5,RU,2020-10-18
Narrabri,-30.32,149.78,57.2,87,90,3.36,AU,2020-10-18
Kukuna,9.4,-12.67,77.79,88,100,3.09,SL,2020-10-18
San Jose,37.34,-121.89,87.01,25,1,6.93,US,2020-10-18
Manta,-0.95,-80.73,80.6,65,75,11.41,EC,2020-10-18
Vazante,-17.99,-46.91,77.25,63,38,5.03,BR,2020-10-18
Smidovich,48.6,133.82,31.39,82,80,8.97,RU,2020-10-18
Morondava,-20.28,44.28,74.53,90,16,6.6,MG,2020-10-18
Songjianghe,42.19,127.48,32.97,87,0,6.02,CN,2020-10-18
Popondetta,-8.75,148.25,76.53,85,100,2.62,PG,2020-10-18
Houma,29.6,-90.72,84.2,62,75,10.29,US,2020-10-18
Barwādih,23.83,84.12,70.88,82,0,1.88,IN,2020-10-18
Berdyaush,55.16,59.15,38.86,71,100,5.21,RU,2020-10-18
Padang,-0.95,100.35,77.85,77,83,3.74,ID,2020-10-18
Necochea,-38.55,-58.74,64.0,68,57,3.0,AR,2020-10-18
Waterloo,43.47,-80.52,55.0,66,90,13.87,CA,2020-10-18
Ongandjera,-17.88,15.07,78.01,17,0,7.58,NA,2020-10-18
Avera,33.19,-82.53,73.4,60,75,9.17,US,2020-10-18
Huainan,32.63,117.0,56.03,58,74,3.85,CN,2020-10-18
Nānākuli,21.39,-158.15,84.2,70,20,8.05,US,2020-10-18
Meulaboh,4.14,96.13,76.01,83,100,4.05,ID,2020-10-18
Kirakira,-10.45,161.92,82.36,78,98,7.65,SB,2020-10-18
Pochutla,15.74,-96.47,90.0,58,40,9.17,MX,2020-10-18
Khovd,48.01,91.64,38.89,62,100,7.81,MN,2020-10-18
Paamiut,61.99,-49.67,42.4,84,45,36.86,GL,2020-10-18
Saint-Pierre,-21.34,55.48,70.0,68,0,3.36,RE,2020-10-18
Peski,55.22,38.76,35.6,80,75,11.18,RU,2020-10-18
Linjiang,41.81,126.91,35.89,80,0,1.9,CN,2020-10-18
Barreiras,-12.15,-44.99,86.49,36,73,1.86,BR,2020-10-18
Algiers,36.75,3.04,59.0,87,41,1.12,DZ,2020-10-18
San Fernando del Valle de Catamarca,-28.47,-65.79,100.0,31,0,15.01,AR,2020-10-18
Caucayá,-0.19,-74.78,84.74,65,86,2.04,CO,2020-10-18
San Cristobal,7.77,-72.22,93.2,34,20,14.99,VE,2020-10-18
Cabra,37.47,-4.44,61.0,45,1,4.88,ES,2020-10-18
Itoman,26.12,127.67,77.0,83,20,11.41,JP,2020-10-18
Kalāleh,37.38,55.49,66.33,21,0,5.21,IR,2020-10-18
Mossendjo,-2.95,12.73,71.71,97,100,5.53,CG,2020-10-18
Sørland,67.67,12.69,32.0,62,26,5.82,NO,2020-10-18
Aasiaat,68.71,-52.87,36.14,81,100,24.25,GL,2020-10-18
Hamada,34.88,132.08,59.0,36,100,5.12,JP,2020-10-18
Bengkulu,-3.8,102.27,74.86,93,100,5.97,ID,2020-10-18
Potenza Picena,43.37,13.62,52.0,68,0,2.84,IT,2020-10-18
Ardino,41.58,25.13,57.99,54,75,11.41,BG,2020-10-18
Tiznit Province,29.58,-9.5,69.78,34,100,3.71,MA,2020-10-18
Malakal,9.53,31.66,72.43,93,92,3.65,SS,2020-10-18
Huilong,31.81,121.66,64.0,75,69,5.91,CN,2020-10-18
Bay Roberts,47.6,-53.26,55.0,92,99,3.0,CA,2020-10-18
Flin Flon,54.77,-101.86,32.0,89,75,13.87,CA,2020-10-18
Vestmanna,62.16,-7.17,39.2,93,100,6.93,FO,2020-10-18
Najrān,17.49,44.13,69.8,22,0,8.05,SA,2020-10-18
Moundsville,39.92,-80.74,60.8,44,90,6.93,US,2020-10-18
Barra,-11.09,-43.14,86.56,41,55,9.33,BR,2020-10-18
Los Zacatones,22.95,-102.05,77.0,17,20,11.41,MX,2020-10-18
Salinópolis,-0.61,-47.36,81.14,76,67,11.39,BR,2020-10-18
Calabar,4.95,8.32,74.98,91,73,2.82,NG,2020-10-18
Trairi,-3.28,-39.27,79.72,73,97,11.72,BR,2020-10-18
Xai-Xai,-25.05,33.64,72.09,70,0,10.4,MZ,2020-10-18
Khilok,51.37,110.47,32.68,89,92,3.8,RU,2020-10-18
Kaeo,-35.1,173.78,63.0,85,20,8.99,NZ,2020-10-18
Pemangkat,1.17,108.97,77.54,85,99,4.72,ID,2020-10-18
La Palma,33.85,-118.05,84.0,48,1,4.7,US,2020-10-18
Sungai Penuh,-2.08,101.38,65.61,89,97,1.39,ID,2020-10-18
Alice Springs,-23.7,133.88,71.6,40,79,14.99,AU,2020-10-18
Dudinka,69.41,86.18,15.8,92,90,6.71,RU,2020-10-18
Palana,59.12,159.97,34.61,100,100,11.79,RU,2020-10-18
Pierre,44.37,-100.35,39.0,34,1,3.36,US,2020-10-18
Nenita,12.49,124.8,78.8,90,100,6.06,PH,2020-10-18
Banjar,-8.19,114.97,80.6,83,40,2.24,ID,2020-10-18
Poum,-20.23,164.02,73.63,74,0,16.89,NC,2020-10-18
Nueva Loja,0.08,-76.88,86.0,62,40,4.7,EC,2020-10-18
Dunedin,-45.87,170.5,51.01,88,100,0.43,NZ,2020-10-18
Bayanday,53.07,105.51,36.01,80,100,1.72,RU,2020-10-18
Valdez,1.25,-78.98,79.65,81,64,17.76,EC,2020-10-18
Christchurch,-43.53,172.63,59.0,93,100,1.12,NZ,2020-10-18
Kuching,1.55,110.33,73.4,100,40,4.7,MY,2020-10-18
Kisanga,-7.44,37.7,76.91,72,14,6.55,TZ,2020-10-18
Oddur,4.12,43.89,73.6,80,77,15.43,SO,2020-10-18
Parfino,57.97,31.65,39.36,83,98,11.05,RU,2020-10-18
Xuanwu,32.07,118.81,60.01,68,76,4.29,CN,2020-10-18
Olinda,-8.01,-34.86,80.6,69,20,12.75,BR,2020-10-18
Half Moon Bay,37.46,-122.43,82.99,82,1,5.82,US,2020-10-18
Sangar,63.92,127.47,13.87,96,97,5.64,RU,2020-10-18
Miandrivazo,-19.52,45.47,77.88,73,43,5.17,MG,2020-10-18
Carballo,43.21,-8.69,59.0,93,76,4.7,ES,2020-10-18
Boyolangu,-8.12,111.89,75.69,88,99,4.92,ID,2020-10-18
Lensk,60.73,114.93,20.35,94,100,4.07,RU,2020-10-18
Pemba,-12.97,40.52,77.0,83,40,5.82,MZ,2020-10-18
General Roca,-39.03,-67.58,77.0,23,0,5.82,AR,2020-10-18
Calvinia,-31.47,19.78,60.64,50,99,3.71,ZA,2020-10-18
Turaif,31.67,38.66,66.2,23,0,6.93,SA,2020-10-18
Oranjemund,-28.55,16.43,58.59,85,0,13.42,NA,2020-10-18
Verkhnyaya Inta,65.98,60.31,24.22,97,80,5.3,RU,2020-10-18
Hof,50.32,11.92,43.0,89,100,7.0,DE,2020-10-18
Barranca,-10.75,-77.77,65.89,71,46,10.33,PE,2020-10-18
Calatayud,41.35,-1.64,55.4,82,62,1.23,ES,2020-10-18
Parabel',58.7,81.48,29.82,93,93,14.85,RU,2020-10-18
Anadyr,64.75,177.48,19.4,92,0,4.47,RU,2020-10-18
Bonthe,7.53,-12.51,78.58,88,100,7.09,SL,2020-10-18
Mezen',65.85,44.24,32.74,96,100,8.01,RU,2020-10-18
Bilma,18.69,12.92,83.88,15,0,5.95,NE,2020-10-18
Honolulu,21.31,-157.86,84.2,66,75,6.93,US,2020-10-18
Nālūt,30.33,10.85,62.69,57,0,16.49,LY,2020-10-18
